{
    "color": {
        "ExposureSpeed": 0.001915,
        "AnalogGain": 1.0,
        "DigitalGain": 1.05859375,
        "TotalGain": 1.05859375
    },
    "dias": {
        "ExposureSpeed": 0.006048,
        "AnalogGain": 1.0,
        "DigitalGain": 1.0546875,
        "TotalGain": 1.0546875
    },
    "nolight": {
        "ExposureSpeed": 0.006048,
        "AnalogGain": 1.0,
        "DigitalGain": 1.0546875,
        "TotalGain": 1.0546875
    }
}