{
    "color": {
        "ExposureSpeed": 0.001614,
        "AnalogGain": 1.0,
        "DigitalGain": 1.00390625,
        "TotalGain": 1.00390625
    },
    "dias": {
        "ExposureSpeed": 0.005119,
        "AnalogGain": 1.0,
        "DigitalGain": 1.0703125,
        "TotalGain": 1.0703125
    },
    "nolight": {
        "ExposureSpeed": 0.005119,
        "AnalogGain": 1.0,
        "DigitalGain": 1.0703125,
        "TotalGain": 1.0703125
    }
}