{
    "color": {
        "ExposureSpeed": 0.001869,
        "AnalogGain": 1.0,
        "DigitalGain": 1.078125,
        "TotalGain": 1.078125
    },
    "dias": {
        "ExposureSpeed": 0.006025,
        "AnalogGain": 1.0,
        "DigitalGain": 1.08984375,
        "TotalGain": 1.08984375
    },
    "nolight": {
        "ExposureSpeed": 0.006025,
        "AnalogGain": 1.0,
        "DigitalGain": 1.08984375,
        "TotalGain": 1.08984375
    }
}