{
    "color": {
        "ExposureSpeed": 0.001915,
        "AnalogGain": 1.0,
        "DigitalGain": 1.05859375,
        "TotalGain": 1.05859375
    },
    "dias": {
        "ExposureSpeed": 0.006118,
        "AnalogGain": 1.0,
        "DigitalGain": 1.08984375,
        "TotalGain": 1.08984375
    },
    "nolight": {
        "ExposureSpeed": 0.006118,
        "AnalogGain": 1.0,
        "DigitalGain": 1.08984375,
        "TotalGain": 1.08984375
    }
}