{
    "color": {
        "ExposureSpeed": 0.000847,
        "AnalogGain": 1.0,
        "DigitalGain": 1.10546875,
        "TotalGain": 1.10546875
    },
    "dias": {
        "ExposureSpeed": 0.005119,
        "AnalogGain": 1.0,
        "DigitalGain": 1.05078125,
        "TotalGain": 1.05078125
    },
    "nolight": {
        "ExposureSpeed": 0.005119,
        "AnalogGain": 1.0,
        "DigitalGain": 1.05078125,
        "TotalGain": 1.05078125
    }
}